{
    "train_loss": [
        0.014971928994929471,
        0.0042161378878316684,
        0.0034265079331704364,
        0.003101823504088528
    ],
    "train_mae": [
        0.08737479622399008,
        0.04873165099427525,
        0.0440331996930325,
        0.0419600092773452
    ],
    "train_rmse": [
        0.11608326108121186,
        0.06475259927701871,
        0.0584311233343805,
        0.05561721047843169
    ],
    "train_r2": [
        0.7217456358008182,
        0.921827004604994,
        0.936565772894673,
        0.9425878853315006
    ],
    "val_loss": [
        0.023985154335460966,
        0.01444040608799292,
        0.016810575211864142,
        0.015642337338437163
    ],
    "val_mae": [
        0.1367216498132736,
        0.1012396350029915,
        0.11059953910963875,
        0.10377254567685582
    ],
    "val_rmse": [
        0.14932821288941397,
        0.11589750612065905,
        0.12447167459934477,
        0.1198291973107391
    ],
    "val_r2": [
        -1.5605332160752916,
        -0.8731354541248746,
        -1.1768944093159266,
        -0.9609158436457316
    ],
    "lr": [
        0.001,
        0.001,
        0.001,
        0.001
    ]
}