{
    "test_loss": 0.014862217962564457,
    "test_mae": 0.09290792349548567,
    "test_rmse": 0.11974991077468508,
    "test_r2": -0.29881559572522604,
    "best_epoch": 2,
    "best_val_loss": 0.01444040608799292
}