{
    "train_loss": [
        0.04005606592355212,
        0.02476153719305184
    ],
    "train_mae": [
        0.13107919620405167,
        0.07860637233671705
    ],
    "train_rmse": [
        0.16340792281390754,
        0.1012430816121686
    ],
    "train_r2": [
        0.46808945533808927,
        0.8215510434402247
    ],
    "val_loss": [
        0.07336094433069229,
        0.09874163335561752
    ],
    "val_mae": [
        0.20299972581863404,
        0.2609031803607941
    ],
    "val_rmse": [
        0.23333577513694764,
        0.2811182626485825
    ],
    "val_r2": [
        -2.5104748210906984,
        -4.315245615005493
    ],
    "lr": [
        0.001,
        0.001
    ]
}