{
    "train_loss": [
        0.04951958406528981,
        0.043196095160904946,
        0.03583105269450474,
        0.026076651728229094,
        0.02344762237137467,
        0.02234152747667588,
        0.021450493246622026,
        0.020588404028436792,
        0.020022290649009,
        0.01968819664623207
    ],
    "train_mae": [
        0.16054482502408232,
        0.1402427499663388,
        0.11540094692121901,
        0.08249005991563522,
        0.07399989023400594,
        0.07060421988838077,
        0.06789959779531836,
        0.06520057248604119,
        0.06345613426763377,
        0.06241415742234294
    ],
    "train_rmse": [
        0.20097324572087125,
        0.17815153926660424,
        0.14749117341566692,
        0.10609682795746787,
        0.09535393226060936,
        0.09095784729036364,
        0.08734125435748151,
        0.08381082932709592,
        0.08157881916262,
        0.08027781272749249
    ],
    "train_r2": [
        0.29364103355919646,
        0.4609506664912082,
        0.6224738807063375,
        0.807714769572399,
        0.8450399898466776,
        0.8590420870802056,
        0.8701626345408049,
        0.880332391269971,
        0.8866766380485277,
        0.890167052929218
    ],
    "val_loss": [
        0.0656514445704127,
        0.07967204157085646,
        0.05190194599212162,
        0.06807471829510871,
        0.07017516001822456,
        0.0727224913499658,
        0.07350431607356148,
        0.07261705150206883,
        0.09249920350691629,
        0.09994697304708618
    ],
    "val_mae": [
        0.20378527447344766,
        0.24537366131941477,
        0.15872104418656183,
        0.1807659702405097,
        0.18162386982686937,
        0.18648464646604326,
        0.18718784799178442,
        0.18564197397421275,
        0.22241036593914032,
        0.23708710571130118
    ],
    "val_rmse": [
        0.24685382961280763,
        0.2687748008304172,
        0.19155013513943506,
        0.22653982516319032,
        0.23507943465596154,
        0.2430608177941943,
        0.2386899571570139,
        0.23800895398571378,
        0.2779232405480884,
        0.2947296015326939
    ],
    "val_r2": [
        -3.2276736346502153,
        -4.416707393668947,
        -1.3125091620853968,
        -2.1611169046825833,
        -2.380272876648676,
        -2.6323399505917986,
        -2.4906209688338024,
        -2.488622472399757,
        -3.7753291924794516,
        -4.380154231237987
    ],
    "lr": [
        0.0034999999999999996,
        0.0024499999999999995,
        0.0017149999999999995,
        0.0012004999999999995,
        0.0008403499999999996,
        0.0005882449999999997,
        0.0004117714999999998,
        0.00028824004999999985,
        0.00020176803499999987,
        0.0001412376244999999
    ]
}