{
    "train_loss": [
        0.03415518807628265,
        0.01397223243814136
    ],
    "train_mae": [
        0.11233552946914539,
        0.0439854484219532
    ],
    "train_rmse": [
        0.14332191442976425,
        0.06254122748768894
    ],
    "train_r2": [
        0.5412381627438901,
        0.9247002630658734
    ],
    "val_loss": [
        0.09108717250823975,
        0.09482242155075073
    ],
    "val_mae": [
        0.2296122132539749,
        0.22760790610313417
    ],
    "val_rmse": [
        0.25058508849143984,
        0.24068851280212403
    ],
    "val_r2": [
        -5.759280395507813,
        -5.188543230056763
    ],
    "lr": [
        0.001,
        0.001
    ]
}